{
  "project_info": {
    "project_number": "229328257140",
    "firebase_url": "https://ludosix-c8e1b.firebaseio.com",
    "project_id": "ludosix-c8e1b",
    "storage_bucket": "ludosix-c8e1b.appspot.com"
  },
  "client": [
    {
      "client_info": {
        "mobilesdk_app_id": "1:229328257140:android:91c04760bbc06a1ee99121",
        "android_client_info": {
          "package_name": "com.w3engineers.theme.ludosix"
        }
      },
      "oauth_client": [
        {
          "client_id": "229328257140-jgqsnivmlnf7hlor6fee800e5f6q95ue.apps.googleusercontent.com",
          "client_type": 1,
          "android_info": {
            "package_name": "com.w3engineers.theme.ludosix",
            "certificate_hash": "8bbf86f73d9054ce2d55d891cc45e3a053b4dde5"
          }
        },
        {
          "client_id": "229328257140-ie01ovgms9gm8q7p2sj0op2hahl7dmml.apps.googleusercontent.com",
          "client_type": 3
        }
      ],
      "api_key": [
        {
          "current_key": "AIzaSyDqh0iaIPqy4KYy_YdgokOy7APS4_W3nuE"
        }
      ],
      "services": {
        "appinvite_service": {
          "other_platform_oauth_client": [
            {
              "client_id": "229328257140-ie01ovgms9gm8q7p2sj0op2hahl7dmml.apps.googleusercontent.com",
              "client_type": 3
            }
          ]
        }
      }
    }
  ],
  "configuration_version": "1"
}