{
  "project_info": {
    "project_number": "159696825231",
    "firebase_url": "https://genericapi-bade9.firebaseio.com",
    "project_id": "genericapi-bade9",
    "storage_bucket": "genericapi-bade9.appspot.com"
  },
  "client": [
    {
      "client_info": {
        "mobilesdk_app_id": "1:159696825231:android:5185354a65dc2423",
        "android_client_info": {
          "package_name": "io.left.core.genericapi"
        }
      },
      "oauth_client": [
        {
          "client_id": "159696825231-q1s82brr7f3tjgtaa7o12b5anlcvh4rq.apps.googleusercontent.com",
          "client_type": 3
        }
      ],
      "api_key": [
        {
          "current_key": "AIzaSyC28OjEj76juApjTfkFf6tF_76qEWrdPR0"
        }
      ],
      "services": {
        "analytics_service": {
          "status": 1
        },
        "appinvite_service": {
          "status": 1,
          "other_platform_oauth_client": []
        },
        "ads_service": {
          "status": 2
        }
      }
    }
  ],
  "configuration_version": "1"
}